{
  "flights": [
    {
      "id": "879",
      "flightName": "Air India",
      "arrivalTime": "2020-09-28 14:30:30.0",
      "departureTime": "2020-09-28 11:30:30.0",
      "departureFrom": "Bangalore",
      "arrivalTo": "Kolkata",
      "price": "2350",
      "ancillaryServices": [
        "Lottery Tickets",
        "Free Hotels",
        "Tickets to events"
      ],
      "inFlightServices": [
        "wafers",
        "pastries",
        "cold drinks",
        "pizza",
        "french fries",
        "juice",
        "newspapers",
        "magazines",
        "gloves",
        "mask",
        "sanitizer"
      ],
      "specialMeals": [
        "veg meal",
        "non veg meal",
        "special meal",
        "chinese meal",
        "indian meal",
        "continental meal"
      ],
      "seats": [
        "1",
        "2",
        "3",
        "4",
        "5",
        "6",
        "7",
        "8",
        "9",
        "10",
        "11",
        "12",
        "13",
        "14",
        "15",
        "16",
        "17",
        "18",
        "19",
        "20",
        "21",
        "22",
        "23",
        "24",
        "25",
        "26",
        "27",
        "28",
        "29",
        "30"
      ]
    },
    {
      "id": "375",
      "flightName": "Air India",
      "arrivalTime": "2020-09-27 16:30:30.0",
      "departureTime": "2020-09-27 13:30:30.0",
      "departureFrom": "Bangalore",
      "arrivalTo": "Kolkata",
      "price": "2350",
      "ancillaryServices": [
        "Online gaming",
        "Airport parking",
        "Tickets to events"
      ],
      "inFlightServices": [
        "wafers",
        "pastries",
        "cold drinks",
        "pizza",
        "chocolates",
        "french fries",
        "juice",
        "newspapers",
        "magazines",
        "gloves",
        "mask",
        "sanitizer",
        "face shield",
        "moisturiser"
      ],
      "specialMeals": [
        "veg meal",
        "non veg meal",
        "special meal",
        "indian meal",
        "continental meal"
      ],
      "seats": [
        "1",
        "2",
        "3",
        "4",
        "5",
        "6",
        "7",
        "8",
        "9",
        "10",
        "11",
        "12",
        "13",
        "14",
        "15",
        "16",
        "17",
        "18",
        "19",
        "20",
        "21",
        "22",
        "23",
        "24",
        "25",
        "26",
        "27",
        "28",
        "29",
        "30"
      ]
    },
    {
      "id": "651",
      "flightName": "Air Asia",
      "arrivalTime": "2020-09-25 15:30:30.0",
      "departureTime": "2020-09-25 12:30:30.0",
      "departureFrom": "Bangalore",
      "arrivalTo": "Kolkata",
      "price": "2350",
      "ancillaryServices": [
        "Online gaming",
        "Airport parking"
      ],
      "inFlightServices": [
        "wafers",
        "pastries",
        "cold drinks",
        "pizza",
        "chocolates",
        "french fries",
        "juice"
      ],
      "specialMeals": [
        "veg meal",
        "non veg meal",
        "special meal",
        "chinese meal",
        "indian meal"
      ],
      "seats": [
        "1",
        "2",
        "3",
        "4",
        "5",
        "6",
        "7",
        "8",
        "9",
        "10",
        "11",
        "12",
        "13",
        "14",
        "15",
        "16",
        "17",
        "18",
        "19",
        "20",
        "21",
        "22",
        "23",
        "24",
        "25",
        "26",
        "27",
        "28",
        "29",
        "30"
      ]
    }
  ],
  "passengers": [
    {
      "cname": "Sunny",
      "flightId": "879",
      "checkin": "false",
      "passport": "null",
      "address": "null",
      "dob": "null",
      "category": "adult",
      "ancillaryService": [
        "Tickets to events",
        "Lottery Tickets",
        "Free Hotels"
      ],
      "otherCategory": "null",
      "seatno": "2",
      "meal": "non veg meal",
      "shop": [
        "wafers",
        "pastries",
        "cold drinks"
      ],
      "id": 2
    },
    {
      "cname": "Simple",
      "flightId": "879",
      "checkin": "false",
      "passport": "null",
      "address": "null",
      "dob": "null",
      "category": "kid",
      "ancillaryService": [
        "Lottery Tickets",
        "Free Hotels",
        "Tickets to events"
      ],
      "otherCategory": "wheel chair",
      "seatno": "3",
      "meal": "chinese meal",
      "shop": [
        "wafers",
        "juice",
        "sanitizer",
        "face shield"
      ],
      "id": 3
    },
    {
      "cname": "Sunita",
      "flightId": "879",
      "checkin": "true",
      "passport": "null",
      "address": "null",
      "dob": "null",
      "category": "adult",
      "ancillaryService": [
        "Tickets to events",
        "Lottery Tickets",
        "Free Hotels"
      ],
      "otherCategory": "wheel chair",
      "seatno": "4",
      "meal": "continental meal",
      "shop": [],
      "id": 4
    },
    {
      "cname": "Shamsher",
      "flightId": "879",
      "checkin": "false",
      "passport": "null",
      "address": "null",
      "dob": "null",
      "category": "kid",
      "ancillaryService": [
        "Lottery Tickets",
        "Free Hotels",
        "Tickets to events"
      ],
      "otherCategory": "with infant",
      "seatno": "5",
      "meal": "indian meal",
      "shop": [],
      "id": 5
    },
    {
      "cname": "Mounika",
      "flightId": "879",
      "checkin": "true",
      "passport": "null",
      "address": "null",
      "dob": "null",
      "category": "adult",
      "ancillaryService": [
        "Lottery Tickets"
      ],
      "otherCategory": "with infant",
      "seatno": "12",
      "meal": "veg meal",
      "shop": [
        "wafers",
        "sanitizer",
        "face shield",
        "newspapers",
        "juice"
      ],
      "id": 6
    },
    {
      "cname": "Simran",
      "flightId": "879",
      "checkin": "true",
      "passport": "null",
      "address": "null",
      "dob": "null",
      "category": "adult",
      "ancillaryService": [
        "Tickets to events"
      ],
      "otherCategory": "null",
      "seatno": "7",
      "meal": "veg meal",
      "shop": [],
      "id": 7
    },
    {
      "cname": "Sunny",
      "flightId": "879",
      "checkin": "false",
      "passport": "null",
      "address": "null",
      "dob": "null",
      "category": "adult",
      "ancillaryService": [
        "Tickets to events"
      ],
      "otherCategory": "null",
      "seatno": "8",
      "meal": "indian meal",
      "shop": [
        "french fries",
        "mask",
        "gloves",
        "pizza"
      ],
      "id": 8
    },
    {
      "cname": "Simple",
      "flightId": "879",
      "checkin": "true",
      "passport": "null",
      "address": "null",
      "dob": "null",
      "category": "kid",
      "ancillaryService": [
        "Lottery Tickets",
        "Free Hotels",
        "Tickets to events"
      ],
      "otherCategory": "wheel chair",
      "seatno": "9",
      "meal": "non veg meal",
      "shop": [],
      "id": 9
    },
    {
      "cname": "Sunita",
      "flightId": "879",
      "checkin": "false",
      "passport": "null",
      "address": "null",
      "dob": "null",
      "category": "adult",
      "ancillaryService": [
        "Tickets to events",
        "Lottery Tickets",
        "Free Hotels"
      ],
      "otherCategory": "wheel chair",
      "seatno": "10",
      "meal": "non veg meal",
      "shop": [
        "wafers",
        "juice",
        "sanitizer"
      ],
      "id": 10
    },
    {
      "cname": "Shamsher",
      "flightId": "879",
      "checkin": "true",
      "passport": "null",
      "address": "null",
      "dob": "null",
      "category": "kid",
      "ancillaryService": [
        "Tickets to events",
        "Free Hotels",
        "Lottery Tickets"
      ],
      "otherCategory": "with infant",
      "seatno": "11",
      "meal": "veg meal",
      "shop": [],
      "id": 11
    },
    {
      "cname": "Sunny",
      "flightId": "375",
      "checkin": "true",
      "passport": "null",
      "address": "null",
      "dob": "null",
      "category": "adult",
      "ancillaryService": [
        "Tickets to events"
      ],
      "otherCategory": "wheel chair",
      "seatno": "24",
      "meal": "veg meal",
      "shop": [],
      "id": 12
    },
    {
      "cname": "Simple",
      "flightId": "375",
      "checkin": "false",
      "passport": "null",
      "address": "null",
      "dob": "null",
      "category": "kid",
      "ancillaryService": [
        "Lottery Tickets",
        "Free Hotels"
      ],
      "otherCategory": "wheel chair",
      "seatno": "15",
      "meal": "non veg meal",
      "shop": [],
      "id": 13
    },
    {
      "cname": "Sunita",
      "flightId": "375",
      "checkin": "true",
      "passport": "null",
      "address": "null",
      "dob": "null",
      "category": "adult",
      "ancillaryService": [
        "Tickets to events"
      ],
      "otherCategory": "with infant",
      "seatno": "1",
      "meal": "special meal",
      "shop": [],
      "id": 15
    },
    {
      "cname": "Shamsher",
      "flightId": "375",
      "checkin": "true",
      "passport": "null",
      "address": "null",
      "dob": "null",
      "category": "kid",
      "ancillaryService": [],
      "otherCategory": "with infant",
      "seatno": "11",
      "meal": "veg meal",
      "shop": [],
      "id": 16
    },
    {
      "cname": "Jagadeesh",
      "flightId": "879",
      "checkin": "false",
      "passport": "SD56JK",
      "address": "Hyderabad",
      "dob": "1997-07-20",
      "category": "adult",
      "ancillaryService": [
        "Lottery Tickets",
        "Free Hotels",
        "Tickets to events"
      ],
      "otherCategory": "wheel chair",
      "seatno": "20",
      "meal": "veg meal",
      "shop": [
        "french fries",
        "mask",
        "gloves"
      ],
      "id": 17
    },
    {
      "cname": "gg",
      "flightId": "879",
      "checkin": "true",
      "passport": "null",
      "address": "null",
      "dob": "null",
      "category": "adult",
      "ancillaryService": [
        "Lottery Tickets",
        "Free Hotels"
      ],
      "otherCategory": "wheel chair",
      "seatno": "30",
      "meal": "veg meal",
      "shop": [],
      "id": 18
    },
    {
      "cname": "rt",
      "flightId": "879",
      "checkin": "true",
      "passport": "null",
      "address": "null",
      "dob": "null",
      "category": "kid",
      "ancillaryService": [
        "Tickets to events"
      ],
      "otherCategory": "wheel chair",
      "seatno": "29",
      "meal": "veg meal",
      "shop": [],
      "id": 19
    },
    {
      "cname": "AAAA",
      "flightId": "879",
      "checkin": "false",
      "passport": "null",
      "address": "null",
      "dob": "null",
      "category": "adult",
      "ancillaryService": [
        "Free Hotels",
        "Lottery Tickets"
      ],
      "otherCategory": "with infant",
      "seatno": "25",
      "meal": "veg meal",
      "shop": [],
      "id": 20
    },
    {
      "cname": "11",
      "flightId": "879",
      "checkin": "true",
      "passport": "null",
      "address": "null",
      "dob": "null",
      "category": "adult",
      "ancillaryService": [
        "Tickets to events"
      ],
      "otherCategory": "with infant",
      "seatno": "28",
      "meal": "veg meal",
      "shop": [],
      "id": 21
    }
  ]
}